"words", "target"
"10새리", 1
"10세리", 1
"10쉐이", 1
"10쉑", 1
"10스", 1
"10쌔", 1
"10쌔기", 1
"10쎄", 1
"10창", 1
"10탱", 1
"18것", 1
"18넘", 1
"18놈", 1
"18뇬", 1
"18럼", 1
"18롬", 1
"18새", 1
"18색", 1
"18세끼", 1
"18세리", 1
"18섹", 1
"18쉑", 1
"18스", 1
"18아", 1
"갈보년", 1
"같은년", 1
"같은뇬", 1
"개같", 1
"개구라", 1
"개년", 1
"개놈", 1
"개뇬", 1
"개대중", 1
"개독", 1
"개돼중", 1
"개랄", 1
"개보지", 1
"개뻥", 1
"개새", 1
"개색", 1
"개섀끼", 1
"개세", 1
"개소", 1
"개쇳기", 1
"개수작", 1
"개쉐", 1
"개쉑", 1
"개쉽", 1
"개스끼", 1
"개시키", 1
"개십새", 1
"개쐑", 1
"개쑈", 1
"개씹", 1
"개아들", 1
"개자슥", 1
"개자지", 1
"개접", 1
"개좆", 1
"개좌식", 1
"개허접", 1
"걔새", 1
"걔수작", 1
"걔시끼", 1
"걔시키", 1
"걔썌", 1
"거지같", 1
"게색기", 1
"게색끼", 1
"광뇬", 1
"구녕", 1
"ㄲㅣ", 1
"노무노무", 1
"노무딱", 1
"노무짱", 1
"노짱", 1
"놈현", 1
"뉘뮈", 1
"뉘미럴", 1
"느금", 1
"니귀미", 1
"니기미", 1
"니미", 1
"니미랄", 1
"니미럴", 1
"니미씹", 1
"니미요", 1
"니아배", 1
"니아베", 1
"니아비", 1
"니애미", 1
"니어매", 1
"니어메", 1
"니어미", 1
"니에미", 1
"니엠", 1
"닝기리", 1
"닝기미", 1
"닥쳐", 1
"닭쳐", 1
"뎡신", 1
"돈놈", 1
"돌아이", 1
"돌은놈", 1
"되질래", 1
"뒈져", 1
"뒈진", 1
"뒈질", 1
"뒤질래", 1
"등신", 1
"디져라", 1
"디진다", 1
"디질래", 1
"따식", 1
"때놈", 1
"또라이", 1
"똘아이", 1
"뙈놈", 1
"뙤놈", 1
"뙨넘", 1
"뙨놈", 1
"뚜쟁", 1
"뛰발", 1
"띄발", 1
"띠바", 1
"띠발", 1
"띠발", 1
"띠밤", 1
"띠불", 1
"띠ㅋ발", 1
"띠팔", 1
"메친넘", 1
"메친놈", 1
"미췬", 1
"미친넘", 1
"미친년", 1
"미친놈", 1
"미친스까이", 1
"미틴", 1
"바랄년", 1
"뱅마", 1
"뱅신", 1
"벼엉신", 1
"병쉰", 1
"병신", 1
"병자", 1
"부랄", 1
"부럴", 1
"불알", 1
"불할", 1
"붙어먹", 1
"뷰웅", 1
"븅", 1
"븅신", 1
"빌어먹", 1
"빙시", 1
"빙신", 1
"빠구리", 1
"빠굴", 1
"빠큐", 1
"뻐큐", 1
"뻑큐", 1
"뽁큐", 1
"ㅅㅂ", 1
"ㅅㅐ", 1
"상넘이", 1
"상놈을", 1
"상놈의", 1
"상놈이", 1
"새갸", 1
"새기", 1
"새꺄", 1
"새끼", 1
"새키", 1
"색끼", 1
"생쑈", 1
"세갸", 1
"세꺄", 1
"세끼", 1
"섹스", 1
"셰끼", 1
"쉐기", 1
"쉐끼", 1
"쉐리", 1
"쉐에기", 1
"쉐키", 1
"쉑", 1
"쉨", 1
"쉬발", 1
"쉬밸", 1
"쉬벌", 1
"쉬뻘", 1
"쉬펄", 1
"쉽알", 1
"스패킹", 1
"스팽", 1
"시끼", 1
"시댕", 1
"시뎅", 1
"시랄", 1
"시바", 1
"시발", 1
"시벌", 1
"시부랄", 1
"시부럴", 1
"시부레", 1
"시부리", 1
"시불", 1
"시브랄", 1
"시팍", 1
"시팔", 1
"시펄", 1
"심탱", 1
"십8", 1
"십라", 1
"십새", 1
"십세", 1
"십쉐", 1
"십쉐이", 1
"십스키", 1
"십쌔", 1
"십창", 1
"십탱", 1
"싶알", 1
"ㅆ1발", 1
"ㅆㅂ", 1
"ㅆ앙", 1
"ㅆㅍ", 1
"ㅆㅣ", 1
"싸가지", 1
"싹아지", 1
"쌉년", 1
"쌍넘", 1
"쌍년", 1
"쌍놈", 1
"쌍뇬", 1
"쌔끼", 1
"쌕", 1
"쌩쑈", 1
"쌴년", 1
"썅", 1
"썡쇼", 1
"써벌", 1
"썩을년", 1
"썩을놈", 1
"쎄꺄", 1
"쎄엑", 1
"쒸벌", 1
"쒸뻘", 1
"쒸팔", 1
"쒸펄", 1
"쓰바", 1
"쓰박", 1
"쓰발", 1
"쓰벌", 1
"쓰팔", 1
"씁새", 1
"씁얼", 1
"씌발", 1
"씌파", 1
"씨1발", 1
"씨8", 1
"씨끼", 1
"씨댕", 1
"씨뎅", 1
"씨바", 1
"씨바랄", 1
"씨박", 1
"씨발", 1
"씨방새", 1
"씨방세", 1
"씨밸", 1
"씨뱅", 1
"씨벌", 1
"씨벨", 1
"씨봉", 1
"씨봉알", 1
"씨부랄", 1
"씨부럴", 1
"씨부렁", 1
"씨부리", 1
"씨불", 1
"씨붕", 1
"씨브랄", 1
"씨빠", 1
"씨빨", 1
"씨뽀랄", 1
"씨앙", 1
"씨ㅋ발", 1
"씨파", 1
"씨팍", 1
"씨팔", 1
"씨펄", 1
"씸년", 1
"씸뇬", 1
"씹같", 1
"씹년", 1
"씹뇬", 1
"씹방", 1
"씹보지", 1
"씹새", 1
"씹새리", 1
"씹세", 1
"씹쉐", 1
"씹스키", 1
"씹쌔", 1
"씹이", 1
"씹자지", 1
"씹질", 1
"씹창", 1
"씹탱", 1
"씹퇭", 1
"씹팔", 1
"씹할", 1
"씹헐", 1
"아가리", 1
"아갈통", 1
"아구창", 1
"아구통", 1
"아굴", 1
"앰창", 1
"양넘", 1
"양년", 1
"양놈", 1
"엄창", 1
"엠병", 1
"엠창", 1
"여물통", 1
"엿같", 1
"옘병", 1
"옘빙", 1
"왜년", 1
"왜놈", 1
"욤병", 1
"육갑", 1
"은년", 1
"을년", 1
"응디", 1
"이기야", 1
"이년", 1
"이새키", 1
"이스끼", 1
"ㅈㄲ", 1
"ㅈㄴ", 1
"ㅈㄹ", 1
"자슥", 1
"잡것", 1
"잡넘", 1
"잡년", 1
"잡놈", 1
"저년", 1
"접년", 1
"젖밥", 1
"조까", 1
"조까치", 1
"조낸", 1
"조또", 1
"조빠", 1
"조쟁이", 1
"조지냐", 1
"조진다", 1
"조질래", 1
"조찐", 1
"존나", 1
"존니", 1
"존만", 1
"좀물", 1
"좁년", 1
"좁밥", 1
"좃까", 1
"좃또", 1
"좃만", 1
"좃밥", 1
"좃이", 1
"좃찐", 1
"좆", 1
"좇같", 1
"좇이", 1
"주글", 1
"주데이", 1
"주뎅", 1
"주둥아리", 1
"주둥이", 1
"죽고잡", 1
"죽통", 1
"쥐랄", 1
"쥐롤", 1
"쥬디", 1
"지랄", 1
"지럴", 1
"지롤", 1
"지미랄", 1
"쪼다", 1
"쫍빱", 1
"찌랄", 1
"창녀", 1
"창년", 1
"캐년", 1
"캐놈", 1
"캐스끼", 1
"캐스키", 1
"캐시키", 1
"ㅍㅏ", 1
"팔럼", 1
"퍽큐", 1
"호로놈", 1
"호로색", 1
"호로쉑", 1
"호로스까이", 1
"호로스키", 1
"후라들", 1
"후래자식", 1
"후레", 1
"후뢰", 1
"쎅스", 1
"쎅스코리아", 1
"쎅시넷", 1
"쎅콜닷컴", 1
"쎅클럽", 1
"가가가가섹스샵", 1
"가가가섹스WAREZ", 1
"가가성인섹스샵", 1
"가가성인용품", 1
"가가성인용품샵", 1
"가가섹스", 1
"가가섹스포르노", 1
"가가섹스하러다가라", 1
"가고파성인용품", 1
"가나성인용품전문쇼핑몰", 1
"가람섹스성인용품", 1
"가마성인쇼핑몰", 1
"가면성인용품쇼핑몰", 1
"가보자성인용품", 1
"가시나무성인용품", 1
"가이드성인쇼핑몰", 1
"가이드섹스", 1
"가인코리아성인용품", 1
"가자Molca섹스코리아", 1
"가자러브샵", 1
"가자미아리", 1
"가자성인용품", 1
"가자섹스", 1
"가자섹스몰", 1
"가자섹스자료실", 1
"가자섹스코리아", 1
"가정섹스전문점", 1
"가지와오이성인용품", 1
"가지와오이섹스샵", 1
"강간", 1
"강남카페섹스비디오테이프", 1
"강쇠닷컴", 1
"강한성인영화", 1
"걸섹스코리아갤러리", 1
"경고섹스포르노", 1
"경마장가는길성인용품", 1
"경아닷컴", 1
"고69섹슈얼", 1
"고공섹스", 1
"고려섹시인포디렉토리", 1
"고섹스588", 1
"고섹스PORNO", 1
"고에로TV", 1
"고우섹스", 1
"고우섹스성인용품점", 1
"고자섹스", 1
"고추짱", 1
"고투에로", 1
"고패티쉬", 1
"고혈압야동", 1
"공짜만화", 1
"과부촌", 1
"국제성인마트", 1
"굿걸TV", 1
"굿나잇TV", 1
"굿나잇티브이", 1
"굿섹스클럽", 1
"그룹섹스", 1
"근친상간", 1
"글래머샵", 1
"김마담성인쇼핑몰", 1
"꼬추닷컴", 1
"나고야섹스미드머니", 1
"나나성인용품", 1
"나우누리어른만화방", 1
"나이스69", 1
"나이스성인샵", 1
"나조아성인몰", 1
"나체", 1
"남녀섹시속옷", 1
"남녀자위기구", 1
"남성단련용품", 1
"남성자위기구", 1
"네버섹스", 1
"네비로스섹스샵", 1
"노노티브이", 1
"노브라", 1
"노브라TV", 1
"노팬티브이", 1
"논스톱러브성인유머", 1
"누나몰카", 1
"누두", 1
"누드", 1
"누드112", 1
"누드119", 1
"누드25시", 1
"누드molcaTV", 1
"누드갤러리", 1
"누드다이어리", 1
"누드모델", 1
"누드모아", 1
"누드몰카TV", 1
"누드뮤직", 1
"누드사진", 1
"누드섹스", 1
"누드쇼", 1
"누드스케치", 1
"누드집", 1
"누드천사", 1
"누드커플", 1
"누드코리아", 1
"누드클럽", 1
"누드필름", 1
"누드화보", 1
"누들누드", 1
"뉴스트립", 1
"다보자성인영화관", 1
"다음섹스", 1
"다이섹스", 1
"대박성인토탈몰", 1
"더티섹스", 1
"도쿄섹스", 1
"도쿄섹스nipon", 1
"동양최고성고전", 1
"두두섹스", 1
"뒷치기", 1
"드림페티쉬", 1
"등급보류성인영화관", 1
"디지털섹스조선", 1
"딸딸이", 1
"떡걸", 1
"떡치기", 1
"라노비아섹스샵", 1
"라이브10TV", 1
"라이브스트립", 1
"러브박사성인용품", 1
"러브베드", 1
"러브섹시클럽", 1
"러브장", 1
"러브젤", 1
"러브하자성인용품", 1
"러브호텔", 1
"럭키성인몰", 1
"레드섹스tv", 1
"레이싱걸", 1
"로리타", 1
"로리타.", 1
"롤리타", 1
"류미오", 1
"리얼섹스플레이", 1
"리얼에로", 1
"마나보지", 1
"마니아섹스", 1
"만화보지", 1
"망가", 1
"망가짱", 1
"모노섹스", 1
"모두모아성인용품", 1
"모모TV", 1
"몰래보기", 1
"몰래카메라", 1
"몰래캠코더", 1
"몰카", 1
"몰카365", 1
"몰카588", 1
"몰카tv", 1
"무료망가", 1
"무료몰카", 1
"무료성인", 1
"무료성인동영상", 1
"무료성인만화", 1
"무료성인방송", 1
"무료성인사이트", 1
"무료성인싸이트", 1
"무료성인엽기", 1
"무료성인영화", 1
"무료성인정보", 1
"무료섹스", 1
"무료섹스동영상", 1
"무료섹스사이트", 1
"무료야동", 1
"무료야설", 1
"무료포르노", 1
"무료포르노동영상", 1
"무료헨타이", 1
"무전망가", 1
"미국뽀르노", 1
"미국포르노", 1
"미니스커트", 1
"미란다성인섹스샵", 1
"미소걸성인용품", 1
"미소녀", 1
"미소녀게임", 1
"미소녀섹스가이드", 1
"미스누드", 1
"미스터콘돔", 1
"미스토픽닷컴", 1
"미스토픽성인용품점", 1
"미시촌", 1
"미쎄스터", 1
"미아리", 1
"미아리2000", 1
"미아리588", 1
"미아리tv", 1
"미아리섹스하리", 1
"미아리쇼", 1
"미아리텍사스", 1
"바나나TV", 1
"바나나티비", 1
"바이엔에로", 1
"밝은세상성인용품", 1
"벗기는고스톱", 1
"베스트성인용품", 1
"베이비아웃성인용품", 1
"변태", 1
"보스성인클럽", 1
"보조기구", 1
"보지", 1
"보지나라", 1
"보지마TV", 1
"보지보지", 1
"보지털", 1
"부부나라", 1
"부부섹스", 1
"비너스성인용품", 1
"빈야", 1
"빈야성인", 1
"빈야성인와레즈", 1
"빠구리", 1
"빨간티브이섹스", 1
"뽀르노", 1
"삐리넷", 1
"사까시", 1
"사라성인용품점", 1
"사랑의침실테크닉", 1
"사이버섹스", 1
"사창가", 1
"색스", 1
"색스코리아", 1
"샴푸의성인정보", 1
"서양동영상", 1
"서양뽀르노", 1
"성게시판", 1
"성고민상담", 1
"성과섹스", 1
"성기", 1
"성보조기구", 1
"성상담", 1
"성인", 1
"성인18번지", 1
"성인25시", 1
"성인CD", 1
"성인IJ", 1
"성인갤러리", 1
"성인게시판", 1
"성인게임", 1
"성인그리고섹스", 1
"성인극장", 1
"성인나라", 1
"성인놀이문화", 1
"성인누드", 1
"성인뉴스", 1
"성인대화", 1
"성인대화방", 1
"성인동영상", 1
"성인드라마", 1
"성인만화", 1
"성인만화나라", 1
"성인만화천국", 1
"성인망가", 1
"성인무료", 1
"성인무료동영상", 1
"성인무료사이트", 1
"성인무료영화", 1
"성인무비", 1
"성인물", 1
"성인미스랭크", 1
"성인미팅방", 1
"성인방송", 1
"성인방송국", 1
"성인방송안내", 1
"성인배우", 1
"성인별곡", 1
"성인비됴", 1
"성인비디오", 1
"성인사이트", 1
"성인사이트소개", 1
"성인사진", 1
"성인상품", 1
"성인생방송", 1
"성인샵", 1
"성인서적", 1
"성인성교육스쿨", 1
"성인섹스민국", 1
"성인섹스코리아", 1
"성인소녀경", 1
"성인소라가이드", 1
"성인소설", 1
"성인쇼", 1
"성인쇼핑", 1
"성인쇼핑몰", 1
"성인시트콤", 1
"성인싸이트", 1
"성인애니", 1
"성인애니메이션", 1
"성인야설", 1
"성인야화", 1
"성인에로무비", 1
"성인에로영화", 1
"성인엽기", 1
"성인엽기damoim", 1
"성인영상", 1
"성인영화", 1
"성인영화관", 1
"성인영화나라", 1
"성인영화방", 1
"성인영화세상", 1
"성인영화천국", 1
"성인와레즈", 1
"성인용CD", 1
"성인용품", 1
"성인용품도매센터", 1
"성인용품에로존", 1
"성인용품할인매장", 1
"성인유머", 1
"성인이미지", 1
"성인인증&x=23", 1
"성인인터넷방송", 1
"성인일본", 1
"성인자료", 1
"성인자료실", 1
"성인전용", 1
"성인전용관", 1
"성인전용정보", 1
"성인정보", 1
"성인채팅", 1
"성인챗", 1
"성인천국", 1
"성인체위", 1
"성인카툰", 1
"성인컨텐츠", 1
"성인클럽", 1
"성인플래쉬", 1
"성인플래시", 1
"성인화상", 1
"성인화상채팅", 1
"성일플래쉬", 1
"성잉영화", 1
"성체위", 1
"성클리닉", 1
"성테크닉", 1
"성폭행", 1
"성행위", 1
"세븐누드닷컴", 1
"세븐섹시", 1
"세희야동", 1
"섹", 1
"섹걸", 1
"섹걸닷컴", 1
"섹골닷컴", 1
"섹마", 1
"섹쉬", 1
"섹쉬뱅크", 1
"섹쉬썸머타임", 1
"섹쉬엽기", 1
"섹스", 1
"섹스19", 1
"섹스25시", 1
"섹스2TV", 1
"섹스588섹스", 1
"섹스6mm", 1
"섹스700", 1
"섹스89", 1
"섹스DC", 1
"섹스Koreana", 1
"섹스Molca섹스코리아", 1
"섹스SHOW", 1
"섹스TV", 1
"섹스and포르노", 1
"섹스damoim", 1
"섹스daum", 1
"섹스molca", 1
"섹스molcaTV", 1
"섹스molca코리아", 1
"섹스molca코리아TV", 1
"섹스molca포르노", 1
"섹스molka", 1
"섹스sayclub", 1
"섹스warez", 1
"섹스yadong", 1
"섹스가이드", 1
"섹스갤러리", 1
"섹스게시판", 1
"섹스고고", 1
"섹스굿", 1
"섹스나라", 1
"섹스나라69", 1
"섹스노예", 1
"섹스다음", 1
"섹스다크", 1
"섹스닷컴", 1
"섹스데이타100", 1
"섹스도우미", 1
"섹스동", 1
"섹스동영상", 1
"섹스드라마", 1
"섹스라이브", 1
"섹스라이브TV", 1
"섹스로봇", 1
"섹스리아", 1
"섹스리얼", 1
"섹스링크", 1
"섹스마스터", 1
"섹스만화", 1
"섹스매거진", 1
"섹스모델", 1
"섹스모아TV", 1
"섹스몰", 1
"섹스몰카", 1
"섹스무비", 1
"섹스무사", 1
"섹스뮤직", 1
"섹스믹스", 1
"섹스바부제펜", 1
"섹스벨리", 1
"섹스보드", 1
"섹스보조기구", 1
"섹스보조용품", 1
"섹스부인", 1
"섹스브라", 1
"섹스비디오", 1
"섹스비안", 1
"섹스사랑", 1
"섹스사이트", 1
"섹스사진", 1
"섹스살롱", 1
"섹스샘플", 1
"섹스샵", 1
"섹스샵2080", 1
"섹스샵21", 1
"섹스서치", 1
"섹스선데이", 1
"섹스성인만화", 1
"섹스셀카", 1
"섹스소나타", 1
"섹스소라가이드", 1
"섹스소리", 1
"섹스시네", 1
"섹스심리", 1
"섹스씬", 1
"섹스아이디", 1
"섹스알리바바", 1
"섹스애니마나", 1
"섹스앤샵", 1
"섹스야다이즈", 1
"섹스야동", 1
"섹스야시네", 1
"섹스야호", 1
"섹스에니메이션", 1
"섹스에로", 1
"섹스에로스TV", 1
"섹스에로시안", 1
"섹스엔바이", 1
"섹스엔샵", 1
"섹스엠티비닷컴", 1
"섹스영상", 1
"섹스영화", 1
"섹스와레즈", 1
"섹스왈", 1
"섹스용품", 1
"섹스월", 1
"섹스월드", 1
"섹스웰", 1
"섹스인형", 1
"섹스일기", 1
"섹스자료실", 1
"섹스자세", 1
"섹스자진", 1
"섹스잡지", 1
"섹스재팬만화", 1
"섹스정보", 1
"섹스제이제이", 1
"섹스제팬", 1
"섹스제펜", 1
"섹스조선", 1
"섹스조아", 1
"섹스조인", 1
"섹스지존", 1
"섹스짱", 1
"섹스찌찌닷콤", 1
"섹스채널", 1
"섹스챗79", 1
"섹스천사", 1
"섹스천하", 1
"섹스체위", 1
"섹스촌", 1
"섹스캠프", 1
"섹스코러스", 1
"섹스코리아", 1
"섹스코리아21", 1
"섹스코리아79", 1
"섹스코리아DAMOIM", 1
"섹스코리아MOLCA", 1
"섹스코리아OK", 1
"섹스코리아TV", 1
"섹스코리아jp", 1
"섹스코리아warez", 1
"섹스코리아걸", 1
"섹스코리아넷", 1
"섹스코리아라이브", 1
"섹스코리아무비", 1
"섹스코리아성인엽기", 1
"섹스코리아섹스섹스코리아", 1
"섹스코리아소라가이드", 1
"섹스코리아소라의가이드", 1
"섹스코리아앤드섹스코리아", 1
"섹스코리아엑스섹스코리아", 1
"섹스코리아조선", 1
"섹스코리아포르노", 1
"섹스코리아하우스", 1
"섹스코치", 1
"섹스크림", 1
"섹스클럽", 1
"섹스킴", 1
"섹스타임", 1
"섹스타임69", 1
"섹스테잎", 1
"섹스테크닉", 1
"섹스토이샵", 1
"섹스토이코리아", 1
"섹스투데이", 1
"섹스트립", 1
"섹스파일", 1
"섹스파크", 1
"섹스포르노", 1
"섹스포르노molca", 1
"섹스포르노샵", 1
"섹스포르노트위스트김", 1
"섹스포섹스티비", 1
"섹스포유", 1
"섹스포인트", 1
"섹스포탈", 1
"섹스프리덤", 1
"섹스피아", 1
"섹스하까", 1
"섹스하네", 1
"섹스하리", 1
"섹스한국", 1
"섹스해죠", 1
"섹스헨타이", 1
"섹스호빠", 1
"섹스홀", 1
"섹시", 1
"섹시TV", 1
"섹시wave", 1
"섹시갤러리", 1
"섹시걸", 1
"섹시게이트", 1
"섹시나라", 1
"섹시나이트", 1
"섹시누드", 1
"섹시뉴스", 1
"섹시맵", 1
"섹시무비", 1
"섹시사진", 1
"섹시샵", 1
"섹시성인용품", 1
"섹시섹스코리아", 1
"섹시스타", 1
"섹시신문", 1
"섹시씨엔엔", 1
"섹시아이제이", 1
"섹시에로닷컴", 1
"섹시엔TV", 1
"섹시엔몰", 1
"섹시연예인", 1
"섹시재팬", 1
"섹시제팬", 1
"섹시제펜", 1
"섹시조선", 1
"섹시존", 1
"섹시짱", 1
"섹시촌", 1
"섹시코디", 1
"섹시코리아", 1
"섹시클럽", 1
"섹시클릭", 1
"섹시팅하자", 1
"섹시팬티", 1
"셀카", 1
"셀프카메라", 1
"소라가이드", 1
"소라가이드-에로천국", 1
"소라가이드TO", 1
"소라가이드앤소라가이드", 1
"소라가이드천사", 1
"소라스가이드", 1
"소라의MissTopic", 1
"소라의가이드", 1
"소라의섹스코리아가이드", 1
"소라의야설공작소", 1
"소라의프로포즈", 1
"소라즈가이드", 1
"쇼걸클럽", 1
"쇼우망가", 1
"쇼킹동영상", 1
"쇼킹섹스", 1
"쇼킹섹스코리아", 1
"쇼킹에로", 1
"숙모보지", 1
"스와핑", 1
"스타킹포유", 1
"신마담", 1
"실리콘하우스성인용품", 1
"심야TV", 1
"심한포르노", 1
"싸죠", 1
"싹쓰리닷컴", 1
"쌕쌕이티비", 1
"쌩molca", 1
"쌩몰카", 1
"쌩보지", 1
"쌩보지쑈", 1
"쌩쇼", 1
"쌩쑈", 1
"쌩포르노", 1
"씨누드21", 1
"씹", 1
"아마걸포르노", 1
"아색기가", 1
"아이러브섹스", 1
"아이러브에로스쿨", 1
"아이섹스스타", 1
"아이제이섹스", 1
"아일러브섹스티비", 1
"알몸", 1
"애로", 1
"애로영화", 1
"애마부인", 1
"애자매", 1
"야게임", 1
"야게임즈닷넷", 1
"야겜", 1
"야동", 1
"야동게시판", 1
"야사", 1
"야설", 1
"야설공작소", 1
"야설신화", 1
"야설의문", 1
"야시", 1
"야시25TV", 1
"야시MTV", 1
"야시molca", 1
"야시걸", 1
"야시꾸리", 1
"야시네", 1
"야시녀", 1
"야시랭크", 1
"야시룸", 1
"야시시", 1
"야시캠", 1
"야시코리아", 1
"야애니", 1
"야오이", 1
"야하네", 1
"야하다", 1
"야한", 1
"야한거", 1
"야한걸", 1
"야한것", 1
"야한게임", 1
"야한그림", 1
"야한놈", 1
"야한놈SEX", 1
"야한누드", 1
"야한동영상", 1
"야한만화", 1
"야한밤", 1
"야한밤TV", 1
"야한밤티브이", 1
"야한사이트", 1
"야한사진", 1
"야한소설", 1
"야한쇼닷컴", 1
"야한영화", 1
"야한이야기", 1
"야한클럽", 1
"야해", 1
"야해요", 1
"어덜트10000", 1
"어덜트TV", 1
"어덜트라이프", 1
"어덜트랜드", 1
"어덜트섹시성인영화관", 1
"어덜트존", 1
"어덜트천사TV", 1
"어덜트코믹플러스", 1
"어덜트탑10", 1
"어덜트피아", 1
"에로", 1
"에로2002", 1
"에로2030", 1
"에로69", 1
"에로69TV", 1
"에로79", 1
"에로걸즈", 1
"에로게이트", 1
"에로게임", 1
"에로관", 1
"에로극장", 1
"에로니폰", 1
"에로닷컴", 1
"에로당", 1
"에로데이", 1
"에로동", 1
"에로동영상", 1
"에로디비", 1
"에로무비", 1
"에로물", 1
"에로뮤직비디오", 1
"에로바다", 1
"에로방티브", 1
"에로배우", 1
"에로비", 1
"에로비디오", 1
"에로비안나이트", 1
"에로샵", 1
"에로세일", 1
"에로섹스TV", 1
"에로소라가이드", 1
"에로쇼", 1
"에로스", 1
"에로스TV", 1
"에로스데이", 1
"에로스아시아", 1
"에로스재팬", 1
"에로스코리아", 1
"에로스쿨", 1
"에로스타", 1
"에로스타일", 1
"에로스페셜", 1
"에로스포유", 1
"에로시네마", 1
"에로시안닷컴", 1
"에로시티", 1
"에로씨네", 1
"에로아시아", 1
"에로앤섹스", 1
"에로야", 1
"에로에스", 1
"에로엔조이", 1
"에로영화", 1
"에로영화관", 1
"에로올", 1
"에로와이프", 1
"에로이브", 1
"에로존", 1
"에로주", 1
"에로촬영현장", 1
"에로카", 1
"에로클릭", 1
"에로투유", 1
"에로틱코리아", 1
"에로파크", 1
"에로패티시", 1
"에로팬티", 1
"에로플래쉬", 1
"에로필름", 1
"엑스노브라", 1
"엑스모텔", 1
"엑스투어덜트", 1
"엔터채널", 1
"여성성인용품", 1
"여성자위기구", 1
"여자보지", 1
"연인사이성인샵", 1
"엽기에로", 1
"엽기적인섹스", 1
"오나니", 1
"오럴섹스", 1
"오렌지야동", 1
"오르가즘", 1
"오마담", 1
"오마이에로", 1
"오마이포르노", 1
"오빠아파", 1
"오빠아파닷컴", 1
"오빠아퍼", 1
"오사카섹스", 1
"오성인", 1
"오섹스", 1
"오섹스야", 1
"오섹스테레비", 1
"오예성인영화", 1
"오이섹스", 1
"오케이섹스", 1
"오케이섹스TV", 1
"오케이섹스molca포르노", 1
"오케이섹스티비", 1
"옷벗기기", 1
"옷벗기기게임", 1
"와우섹스", 1
"왕가스", 1
"용주골", 1
"우라본섹스코리아", 1
"울트라섹스제팬", 1
"원조교제", 1
"월드섹스", 1
"웹섹스코리아", 1
"유호필름", 1
"은빛갤러리", 1
"음모", 1
"이반성인용품몰", 1
"이섹스", 1
"이승희", 1
"인섹스69", 1
"인터넷성인방송", 1
"일본동영상", 1
"일본망가", 1
"일본미소녀", 1
"일본뽀르노", 1
"일본성인만화", 1
"일본성인방송", 1
"일본섹스", 1
"일본포르노", 1
"자위", 1
"자위기구", 1
"자위씬", 1
"자위용품", 1
"자위코리아", 1
"자위행위", 1
"자지", 1
"재팬마나", 1
"재팬만화", 1
"재팬팬티", 1
"정력강화용품", 1
"정력팬티", 1
"정력포탈", 1
"정사씬모음", 1
"정사채널", 1
"정세희", 1
"정양", 1
"정우성인용품전문점", 1
"제이제이일본성인만화", 1
"졸라야한닷컴", 1
"좆물", 1
"좋은생활성인용품", 1
"진도희", 1
"진주희", 1
"찌찌", 1
"채널레드TV", 1
"체위", 1
"체위동영상", 1
"카섹스", 1
"칼라섹스", 1
"코리아성인가이드", 1
"코리아섹스", 1
"코리아섹스샵", 1
"코리아스트립닷컴", 1
"코리아엑스파일", 1
"코리아포로노", 1
"코리안걸스", 1
"코섹스", 1
"콘돔", 1
"콘돔나라", 1
"콘돔닥터", 1
"콘돔몰", 1
"콘돔예스", 1
"콘돔피아", 1
"쿠키걸", 1
"쿨에로", 1
"크림걸", 1
"클럽AV스타", 1
"클럽에로", 1
"킬링티비", 1
"타부코리아", 1
"토탈에로", 1
"투앤투동거클럽", 1
"트위스트김", 1
"트위스트김섹스코리아", 1
"트위스트김소라가이드", 1
"트위스트킴", 1
"특수콘돔", 1
"패션앤섹스", 1
"패티쉬", 1
"패티쉬우먼", 1
"팬티캔디", 1
"페로몬", 1
"페티걸", 1
"페티쉬", 1
"페티쉬러브", 1
"페티쉬매거진", 1
"페티쉬우먼", 1
"페티쉬즘", 1
"페티쉬코리아", 1
"페티시", 1
"펜트하우스", 1
"포로노", 1
"포르노", 1
"포르노24시", 1
"포르노CINEMA", 1
"포르노CNN", 1
"포르노TV", 1
"포르노bozi", 1
"포르노molca티비", 1
"포르노porno섹스코리아", 1
"포르노worldcup", 1
"포르노yadong", 1
"포르노yadong섹스코리아", 1
"포르노그라피", 1
"포르노로", 1
"포르노마나", 1
"포르노만화", 1
"포르노바다", 1
"포르노사진", 1
"포르노세상", 1
"포르노섹스", 1
"포르노섹스TV", 1
"포르노섹스마나", 1
"포르노섹스소라가이드", 1
"포르노섹스코리아", 1
"포르노섹스코리아소라가이드", 1
"포르노섹스트위스트김", 1
"포르노업", 1
"포르노오팔팔", 1
"포르노월드", 1
"포르노집닷컴", 1
"포르노천국", 1
"포르노천사", 1
"포르노테이프", 1
"포르노테입", 1
"포르노테잎", 1
"포르노티비2580", 1
"포르노파티", 1
"포르노플레이보이", 1
"포르로", 1
"포카리섹스", 1
"프리섹스샵", 1
"프리섹스성인용품", 1
"프리섹스코리아", 1
"플래이보이", 1
"플레이보이", 1
"플레이보이2030", 1
"플레이보이소라가이드", 1
"플레이보이온라인", 1
"플레이보조개", 1
"플레이보지", 1
"플레이섹스", 1
"피임기구", 1
"피임용품", 1
"핑크누드샵", 1
"핑크섹스샵", 1
"핑크코리아", 1
"하드코어", 1
"하리수누드", 1
"하이텔성인CLUB+19", 1
"한글섹스사이트", 1
"한글섹스코리아", 1
"한스테이성인", 1
"핫도그TV", 1
"핫성인용품", 1
"핫섹스", 1
"핫섹스재팬", 1
"핫섹스코리아", 1
"핫포르노", 1
"핫포르노섹스", 1
"항문섹스", 1
"해적,야동", 1
"해피데이21성인용품", 1
"해피투섹스", 1
"향기콘돔", 1
"헤라러브샵", 1
"헨타이", 1
"헨타이망가", 1
"헬로우콘돔", 1
"헬프섹스", 1
"홈섹스TV", 1
"화이트섹스라인", 1
"후이즈섹스", 1
"후장", 1
"훔쳐보기", 1
"히든포르노", 1
"세희네", 1
"seheene", 1
"세희네쩜넷", 1
"무비왕", 1
"av배우", 1
"잠지만화", 1
"야설소라의가이드", 1
"섹시녀사진", 1
"잠지", 1
"uh-oh.com", 1
"여성자위시대", 1
"www.uh-oh.com", 1
"bubunara", 1
"공짜성인싸이트", 1
"빈야와레즈", 1
"코섹스넷", 1
"강추야동", 1
"케이섹스", 1
"옷벗기기게임자신있는", 1
"x386", 1
"k양비디오", 1
"tprtm", 1
"옆기성인동영상", 1
"잠지털게임", 1
"성인사이트메로나", 1
"K양", 1
"메로나섹스", 1
"live10tv.com", 1
"옷벗기기게임잡지", 1
"도쿄마나", 1
"www.sex2848.com", 1
"게시판섹스", 1
"소라의", 1
"섹스존", 1
"산소와레즈", 1
"야한거벌끈벌끈", 1
"섹시포유", 1
"한국야동", 1
"두두와레즈", 1
"섹스망가", 1
"야겜usa", 1
"포노", 1
"야한게임만남의장소", 1
"조쟁이.잠지.키스", 1
"잠지hentai", 1
"여자옷벗기기게임", 1
"센스디스", 1
"센스디스무비", 1
"하소연", 1
"성현아누드", 1
"성현아누드집", 1
"에로키위", 1
"은주조갯살", 1
"빨간궁뎅이", 1
"바부와레즈", 1
"당근와레즈", 1
"게임와레즈", 1
"누드모델가능해", 1
"성인메로나", 1
"우기와레즈", 1
"성현아누드사진", 1
"꽃게와레즈", 1
"클릭와레즈", 1
"메로나,성인", 1
"야쿠르트와레즈", 1
"오아시스걸", 1
"스카이와레즈", 1
"신마담와레즈", 1
"럭키와레즈", 1
"성인방송69채널", 1
"야한놈엽기", 1
"와레즈코리아", 1
"우기의최강와레즈", 1
"세희넷", 1
"와레즈용", 1
"와레즈79", 1
"앙마와레즈", 1
"스누피야동", 1
"누드크로키", 1
"59time", 1
"공주야동", 1
"와래즈$디아블로", 1
"에로스토토", 1
"블루와레즈", 1
"www.live10tv.com", 1
"키위와레즈", 1
"영화와레즈", 1
"www.sex012.com", 1
"2040love", 1
"성현아누두집", 1
"심마담", 1
"게시판아동", 1
"광년이보지", 1
"어두움와레즈", 1
"샤먼와레즈", 1
"섹시동영상성생활", 1
"만두와레즈", 1
"ya-han", 1
"대박와레즈", 1
"신마담pds", 1
"69tv", 1
"구멍야동", 1
"worldsex.com", 1
"최강와레즈", 1
"게시판성현아", 1
"sexy588", 1
"몰카넷", 1
"와레즈탑", 1
"성현아누드갤러리", 1
"야동자료실", 1
"여고야동", 1
"유민누드사진", 1
"황수정야동", 1
"게시판sex", 1
"동거사이트", 1
"게시판와레즈", 1
"가시나와레즈", 1
"어둠와레즈", 1
"와레즈사이트", 1
"와레즈게임", 1
"해적와레즈", 1
"퓨전와레즈", 1
"유틸와레즈", 1
"파랑새와레즈", 1
"우기의와레즈", 1
"꼬께와레즈", 1
"미소녀사진", 1
"확끈이와레즈", 1
"쿨와레즈", 1
"돼지와레즈", 1
"브라운와레즈", 1
"럭키월드와레즈", 1
"무료와레즈", 1
"참치와레즈", 1
"와레즈타운", 1
"메로나.co.kr", 1
"메로나", 1
"ㄴㄷㅌ", 1
"원조tv", 1
"빡촌", 1
"울트라쏘세지", 1
"울트라소세지", 1
"목욕탕몰카", 1
"은주조개살", 1
"봉숙이", 1
"live69tv", 1
"오현경비디오", 1
"꼬추", 1
"애무", 1
"와레즈", 1
"warez", 1
"오레즈", 1
"오레즈와레즈", 1
"졸라맨똥피하기게임다운로드", 1
"짱와레즈", 1
"짱와레즈닷컴", 1
"h양비디오", 1
"h양", 1
"따무라", 1
"무료포르노사이트", 1
"야해요야동", 1
"야시꾸리닷컴", 1
"h양섹스비디오", 1
"누드겔러리", 1
"야덩", 1
"미야리야동", 1
"성인폰팅", 1
"성인미팅", 1
"성인번개", 1
"성인만남", 1
"성인전화", 1
"성인벙개", 1
"성인킹카", 1
"성인퀸카", 1
"졸라섹스", 1
"재벌딸포르노", 1
"재벌포르노", 1
"딸포르노", 1
"재벌딸동영상", 1
"맛있는섹스", 1
"맛있는섹스그리고사랑", 1
"미씨촌", 1
"권민중누드", 1
"권민중누드집", 1
"이브의욕망", 1
"동거", 1
"폰섹스", 1
"전화방", 1
"번개팅", 1
"폰팅", 1
"교제알선", 1
"클리토리스", 1
"포르노사이트", 1
"성인정보검색", 1
"성인전용서비스", 1
"따무라야동", 1
"노팬티", 1
"딜도", 1
"마스터베이션", 1
"망까", 1
"머니헌터", 1
"멜섭", 1
"몰래", 1
"바구리", 1
"밤일", 1
"번색", 1
"본디지", 1
"부랄", 1
"빙신", 1
"빠걸", 1
"빠꾸리", 1
"빠라", 1
"빠라줘", 1
"빨간마후라", 1
"빨강마후라", 1
"빨기", 1
"빨어", 1
"빽보지", 1
"뽀로노", 1
"사까치", 1
"색골", 1
"성감대", 1
"성생활", 1
"세엑", 1
"섹골", 1
"섹녀", 1
"섹도우즈", 1
"섹무비", 1
"섹보지", 1
"섹소리", 1
"섹티즌", 1
"섹할", 1
"쇼킹", 1
"수타킹", 1
"스트립쑈", 1
"스쿨걸", 1
"쌕스", 1
"에니탑", 1
"야껨", 1
"야똥", 1
"야섹", 1
"영계", 1
"오랄", 1
"유흥", 1
"육봉", 1
"잡년", 1
"잡놈", 1
"재랄", 1
"저년", 1
"정사", 1
"조루", 1
"쫒", 1
"크리토리스", 1
"페니스", 1
"패티시", 1
"페팅", 1
"펜티", 1
"펨돔", 1
"펨섭", 1
"포르느", 1
"핸타이", 1
"헴타이", 1
"호빠", 1
"혼음", 1
"bdsm", 1
"bo지", 1
"bozi", 1
"c2joy", 1
"dildo", 1
"haduri", 1
"hardcore", 1
"hentai", 1
"IJ", 1
"jaji", 1
"jgirls", 1
"kgirls", 1
"nallari", 1
"playbog", 1
"porn", 1
"1090tv", 1
"2c8", 1
"99bb", 1
"민셩야설", 1
"보짓", 1
"빠굴", 1
"빠순이", 1
"빨아", 1
"뻐킹", 1
"수간", 1
"쌕쉬", 1
"쎄끈", 1
"와래즈", 1
"애널", 1
"오럴", 1
"육갑", 1
"윤간", 1
"음욕", 1
"음탕", 1
"쪼가리", 1
"컴섹", 1
"폰색", 1
"호스트빠", 1
"fuck", 1
"gangbang", 1
"jfantasy", 1
"jasal", 1
"playbozi", 1
"prno", 1
"귀두", 1
"구멍", 1
"난교", 1
"도촬", 1
"바이브레이터", 1
"불륜", 1
"뻐르너", 1
"뻐르노", 1
"뻘노", 1
"뽀르너", 1
"뽀지", 1
"뽈노", 1
"삽입", 1
"색쓰", 1
"섹쑤", 1
"섹쓰", 1
"수음", 1
"스너프", 1
"스왑", 1
"애액", 1
"엑스터시", 1
"야근병동", 1
"음란", 1
"음부", 1
"이반", 1
"젖", 1
"최음제", 1
"치마속", 1
"패니스", 1
"팬티", 1
"퍼르노", 1
"포경", 1
"포르너", 1
"폰쎅", 1
"히로뽕", 1
"asiangirl", 1
"ecstasy", 1
"hidden", 1
"oral", 1
"penis", 1
"penthouse", 1
"porner", 1
"suck", 1
"swaping", 1
"18", 1
"넣어줘", 1
"무삭제원판", 1
"색녀", 1
"좃물", 1
"퇴폐이발소", 1
"보짓물", 1
"무료성인소설", 1
"씹물", 1
"스와핑모임", 1
"부부교환섹스", 1
"섹스나이트", 1
"섹스경험담", 1
"sora's", 1
"봉숙이야동", 1
"보지빨기", 1
"여자옷벗기기", 1
"폰섹", 1
"캠빨", 1
"김완선누드", 1
"김완선누드집", 1
"이혜영누드", 1
"이혜영누드집", 1
"이주현누드", 1
"이주현누드집", 1
"이주현nude", 1
"김완선nude", 1
"이혜영nude", 1
"이지현누드", 1
"이지현누드집", 1
"지현누드집", 1
"이지현누드사진", 1
"이지현누드샘플", 1
"화상폰팅", 1
"티켓다방", 1
"여자따먹기", 1
"보지먹기", 1
"보지따기", 1
"포르노키위", 1
"포르노배우", 1
"성인포르노", 1
"공짜포르노", 1
"포르노스타", 1
"한국포르노", 1
"포르노비디오", 1
"백지영포르노", 1
"포르노자키", 1
"슬림페티쉬", 1
"무료페티쉬", 1
"스타킹페티쉬", 1
"무료성인게시판", 1
"자위방법", 1
"여자자위", 1
"화장실몰카", 1
"몰카동영상", 1
"여고생몰카", 1
"몰카리스트", 1
"스와핑몰카", 1
"이발소몰카", 1
"몰카사진", 1
"몰카사이트", 1
"백지영몰카", 1
"변태사진", 1
"변태게임", 1
"변태만화", 1
"변태이야기", 1
"변태섹스", 1
"변태사이트", 1
"아줌마보지", 1
"아줌마섹스", 1
"아줌마페티쉬", 1
"아줌마야동", 1
"자지털", 1
"보지자지", 1
"자지빨기", 1
"헤어누드", 1
"남자누드", 1
"연예인누드", 1
"세미누드", 1
"고소영누드", 1
"셀프누드", 1
"무료누드", 1
"이효리누드", 1
"이혜영누드사진", 1
"누드동영상", 1
"이헤영누드", 1
"여자누드", 1
"남성누드", 1
"야설게시판", 1
"소라야설", 1
"무료성인야설", 1
"소라의야설", 1
"야설록", 1
"공짜야설", 1
"소라가이드야설", 1
"소라의야설가이드", 1
"소라야설공작소", 1
"야한미소녀", 1
"미아리야동", 1
"빠구리야동", 1
"무료섹스페티쉬", 1
"함소원누드", 1
"함소원", 1
"함소원누드집", 1
"함소원nude", 1
"소원누드", 1
"소원누드집", 1
"함소원헤어누드", 1
"함소원누드사진", 1
"함소원누두", 1
"함소원누드보기", 1
